<?xml version="1.0" encoding="UTF-8"?>
<project-private xmlns="http://www.netbeans.org/ns/project-private/1">
    <editor-bookmarks xmlns="http://www.netbeans.org/ns/editor-bookmarks/2" lastBookmarkId="0"/>
    <open-files xmlns="http://www.netbeans.org/ns/projectui-open-files/2">
        <group>
            <file>file:/E:/Programy/XAMPP/htdocs/Arrow/css/css.css</file>
            <file>file:/E:/Programy/XAMPP/htdocs/Arrow/application/views/templates/header.php</file>
            <file>file:/E:/Programy/XAMPP/htdocs/Arrow/application/views/sites/fotky.php</file>
            <file>file:/E:/Programy/XAMPP/htdocs/Arrow/application/controllers/Pages.php</file>
            <file>file:/E:/Programy/XAMPP/htdocs/Arrow/application/views/sites/kontakt.php</file>
            <file>file:/E:/Programy/XAMPP/htdocs/Arrow/application/views/sites/videa.php</file>
            <file>file:/E:/Programy/XAMPP/htdocs/Arrow/application/views/sites/home.php</file>
            <file>file:/E:/Programy/XAMPP/htdocs/Arrow/application/views/templates/navbar.php</file>
            <file>file:/E:/Programy/XAMPP/htdocs/Arrow/application/config/routes.php</file>
        </group>
    </open-files>
</project-private>
